artist1,artist2
2Sqr0DXoaYABbjBo9HaMkM,6aZyMrc4doVtZyKNilOmwu
2Sqr0DXoaYABbjBo9HaMkM,2vm8GdHyrJh2O2MfbQFYG0
2Sqr0DXoaYABbjBo9HaMkM,4LoM3lMauQ540MW9QiyIcR
2Sqr0DXoaYABbjBo9HaMkM,5dTYaRzOn4rXGBLH052EeQ
2Sqr0DXoaYABbjBo9HaMkM,5ILrArfIV0tMURcHJN8Q07
2Sqr0DXoaYABbjBo9HaMkM,2XMxHczWkSzDDFhiC3zt8k
2Sqr0DXoaYABbjBo9HaMkM,7H55rcKCfwqkyDFH9wpKM6
2Sqr0DXoaYABbjBo9HaMkM,6aP8ry8w3bSNyfyqhE8rGf
2Sqr0DXoaYABbjBo9HaMkM,49RRjdOtssOA73G9NnVeUM
2Sqr0DXoaYABbjBo9HaMkM,5g3uG8zZZANGT6YOssgjfC
2Sqr0DXoaYABbjBo9HaMkM,5oU0tZlItLctcLOQPS3mCy
2Sqr0DXoaYABbjBo9HaMkM,6z29S0IoiBJpSMP8plyCj7
2Sqr0DXoaYABbjBo9HaMkM,6Y4bCmUNPDKqc7dHkVvgim
2Sqr0DXoaYABbjBo9HaMkM,5zzrJD2jXrE9dZ1AklRFcL
2Sqr0DXoaYABbjBo9HaMkM,6tW9jWf8lpuzDzAdVMvNMV
2Sqr0DXoaYABbjBo9HaMkM,62gL3RAdJAPUmjrYudnVjy
2Sqr0DXoaYABbjBo9HaMkM,4phGZZrJZRo4ElhRtViYdl
2Sqr0DXoaYABbjBo9HaMkM,7w0qj2HiAPIeUcoPogvOZ6
2Sqr0DXoaYABbjBo9HaMkM,7whckrkkTMEuvqfaNfMs7S
2Sqr0DXoaYABbjBo9HaMkM,7h4j9YTJJuAHzLCc3KCvYu
6aZyMrc4doVtZyKNilOmwu,2Sqr0DXoaYABbjBo9HaMkM
6aZyMrc4doVtZyKNilOmwu,7whckrkkTMEuvqfaNfMs7S
6aZyMrc4doVtZyKNilOmwu,4phGZZrJZRo4ElhRtViYdl
6aZyMrc4doVtZyKNilOmwu,2XMxHczWkSzDDFhiC3zt8k
6aZyMrc4doVtZyKNilOmwu,6z29S0IoiBJpSMP8plyCj7
6aZyMrc4doVtZyKNilOmwu,5ILrArfIV0tMURcHJN8Q07
6aZyMrc4doVtZyKNilOmwu,5rScKX1Sh1U67meeUyTGwk
6aZyMrc4doVtZyKNilOmwu,7H55rcKCfwqkyDFH9wpKM6
6aZyMrc4doVtZyKNilOmwu,4LoM3lMauQ540MW9QiyIcR
6aZyMrc4doVtZyKNilOmwu,1bKdOEfMk4ftojJQdyV2Ik
6aZyMrc4doVtZyKNilOmwu,0hEurMDQu99nJRq8pTxO14
6aZyMrc4doVtZyKNilOmwu,49RRjdOtssOA73G9NnVeUM
6aZyMrc4doVtZyKNilOmwu,2vm8GdHyrJh2O2MfbQFYG0
6aZyMrc4doVtZyKNilOmwu,1YIpZOfyHXMUgUaxxxgbaC
6aZyMrc4doVtZyKNilOmwu,5dTYaRzOn4rXGBLH052EeQ
6aZyMrc4doVtZyKNilOmwu,3LpLGlgRS1IKPPwElnpW35
6aZyMrc4doVtZyKNilOmwu,4NGiEU3Pkd8ASRyQR30jcA
6aZyMrc4doVtZyKNilOmwu,7h4j9YTJJuAHzLCc3KCvYu
6aZyMrc4doVtZyKNilOmwu,7FgMLbnZVrEnir95O0YujA
6aZyMrc4doVtZyKNilOmwu,6aP8ry8w3bSNyfyqhE8rGf
2vm8GdHyrJh2O2MfbQFYG0,6tW9jWf8lpuzDzAdVMvNMV
2vm8GdHyrJh2O2MfbQFYG0,5oU0tZlItLctcLOQPS3mCy
2vm8GdHyrJh2O2MfbQFYG0,5dTYaRzOn4rXGBLH052EeQ
2vm8GdHyrJh2O2MfbQFYG0,7w0qj2HiAPIeUcoPogvOZ6
2vm8GdHyrJh2O2MfbQFYG0,6Y4bCmUNPDKqc7dHkVvgim
2vm8GdHyrJh2O2MfbQFYG0,2Sqr0DXoaYABbjBo9HaMkM
2vm8GdHyrJh2O2MfbQFYG0,5g3uG8zZZANGT6YOssgjfC
2vm8GdHyrJh2O2MfbQFYG0,4LoM3lMauQ540MW9QiyIcR
2vm8GdHyrJh2O2MfbQFYG0,3ZAIKutVvLYqmcxfkBz5aP
2vm8GdHyrJh2O2MfbQFYG0,49RRjdOtssOA73G9NnVeUM
2vm8GdHyrJh2O2MfbQFYG0,2sG4zTOLvjKG1PSoOyf5Ej
2vm8GdHyrJh2O2MfbQFYG0,6xYBLeSMu1AqPsnUzEvx5n
2vm8GdHyrJh2O2MfbQFYG0,5Tw6OSRLoU7IHTO8kHGRQr
2vm8GdHyrJh2O2MfbQFYG0,7h4j9YTJJuAHzLCc3KCvYu
2vm8GdHyrJh2O2MfbQFYG0,62gL3RAdJAPUmjrYudnVjy
2vm8GdHyrJh2O2MfbQFYG0,6aP8ry8w3bSNyfyqhE8rGf
2vm8GdHyrJh2O2MfbQFYG0,5jbP6txZCMe5l7QLZ1pmJ3
2vm8GdHyrJh2O2MfbQFYG0,3z6Gk257P9jNcZbBXJNX5i
2vm8GdHyrJh2O2MfbQFYG0,7omzannyG2lfDqP5xyZo34
2vm8GdHyrJh2O2MfbQFYG0,6pwHWKweuoCyx3OoFaD0Q5
4LoM3lMauQ540MW9QiyIcR,5ILrArfIV0tMURcHJN8Q07
4LoM3lMauQ540MW9QiyIcR,5dTYaRzOn4rXGBLH052EeQ
4LoM3lMauQ540MW9QiyIcR,6aP8ry8w3bSNyfyqhE8rGf
4LoM3lMauQ540MW9QiyIcR,2vm8GdHyrJh2O2MfbQFYG0
4LoM3lMauQ540MW9QiyIcR,2Sqr0DXoaYABbjBo9HaMkM
4LoM3lMauQ540MW9QiyIcR,5oU0tZlItLctcLOQPS3mCy
4LoM3lMauQ540MW9QiyIcR,62gL3RAdJAPUmjrYudnVjy
4LoM3lMauQ540MW9QiyIcR,2XMxHczWkSzDDFhiC3zt8k
4LoM3lMauQ540MW9QiyIcR,7w0qj2HiAPIeUcoPogvOZ6
4LoM3lMauQ540MW9QiyIcR,5rScKX1Sh1U67meeUyTGwk
4LoM3lMauQ540MW9QiyIcR,6aZyMrc4doVtZyKNilOmwu
4LoM3lMauQ540MW9QiyIcR,2sG4zTOLvjKG1PSoOyf5Ej
4LoM3lMauQ540MW9QiyIcR,6Y4bCmUNPDKqc7dHkVvgim
4LoM3lMauQ540MW9QiyIcR,3ZAIKutVvLYqmcxfkBz5aP
4LoM3lMauQ540MW9QiyIcR,49RRjdOtssOA73G9NnVeUM
4LoM3lMauQ540MW9QiyIcR,1x1NsoNPyVy6FlgSLSovSk
4LoM3lMauQ540MW9QiyIcR,5zzrJD2jXrE9dZ1AklRFcL
4LoM3lMauQ540MW9QiyIcR,6tW9jWf8lpuzDzAdVMvNMV
4LoM3lMauQ540MW9QiyIcR,4v4xuH9VypORYabMnhPLt1
4LoM3lMauQ540MW9QiyIcR,7whckrkkTMEuvqfaNfMs7S
5dTYaRzOn4rXGBLH052EeQ,2vm8GdHyrJh2O2MfbQFYG0
5dTYaRzOn4rXGBLH052EeQ,5oU0tZlItLctcLOQPS3mCy
5dTYaRzOn4rXGBLH052EeQ,6tW9jWf8lpuzDzAdVMvNMV
5dTYaRzOn4rXGBLH052EeQ,7w0qj2HiAPIeUcoPogvOZ6
5dTYaRzOn4rXGBLH052EeQ,4LoM3lMauQ540MW9QiyIcR
5dTYaRzOn4rXGBLH052EeQ,62gL3RAdJAPUmjrYudnVjy
5dTYaRzOn4rXGBLH052EeQ,6aP8ry8w3bSNyfyqhE8rGf
5dTYaRzOn4rXGBLH052EeQ,2Sqr0DXoaYABbjBo9HaMkM
5dTYaRzOn4rXGBLH052EeQ,5g3uG8zZZANGT6YOssgjfC
5dTYaRzOn4rXGBLH052EeQ,6Y4bCmUNPDKqc7dHkVvgim
5dTYaRzOn4rXGBLH052EeQ,5Cmht6FxXbw5GtPOCrzjNM
5dTYaRzOn4rXGBLH052EeQ,7h4j9YTJJuAHzLCc3KCvYu
5dTYaRzOn4rXGBLH052EeQ,49RRjdOtssOA73G9NnVeUM
5dTYaRzOn4rXGBLH052EeQ,3ZAIKutVvLYqmcxfkBz5aP
5dTYaRzOn4rXGBLH052EeQ,4aFx7q4WkiTWPLJNW5mkKK
5dTYaRzOn4rXGBLH052EeQ,5ILrArfIV0tMURcHJN8Q07
5dTYaRzOn4rXGBLH052EeQ,7odHnkIoCbfSyqjcmoqO5b
5dTYaRzOn4rXGBLH052EeQ,4cddmXsTEAguEoWtO5g07c
5dTYaRzOn4rXGBLH052EeQ,2XMxHczWkSzDDFhiC3zt8k
5dTYaRzOn4rXGBLH052EeQ,6aZyMrc4doVtZyKNilOmwu
5ILrArfIV0tMURcHJN8Q07,5rScKX1Sh1U67meeUyTGwk
5ILrArfIV0tMURcHJN8Q07,4LoM3lMauQ540MW9QiyIcR
5ILrArfIV0tMURcHJN8Q07,2Sqr0DXoaYABbjBo9HaMkM
5ILrArfIV0tMURcHJN8Q07,6aZyMrc4doVtZyKNilOmwu
5ILrArfIV0tMURcHJN8Q07,2XMxHczWkSzDDFhiC3zt8k
5ILrArfIV0tMURcHJN8Q07,7whckrkkTMEuvqfaNfMs7S
5ILrArfIV0tMURcHJN8Q07,6FbDoZnMBTdhhhLuJBOOqP
5ILrArfIV0tMURcHJN8Q07,5dTYaRzOn4rXGBLH052EeQ
5ILrArfIV0tMURcHJN8Q07,4NgNsOXSwIzXlUIJcpnNUp
5ILrArfIV0tMURcHJN8Q07,62gL3RAdJAPUmjrYudnVjy
5ILrArfIV0tMURcHJN8Q07,2LJxr7Pt3JnP60eLxwbDOu
5ILrArfIV0tMURcHJN8Q07,2g6fa86fL6oLcoDqanBbuR
5ILrArfIV0tMURcHJN8Q07,1x1NsoNPyVy6FlgSLSovSk
5ILrArfIV0tMURcHJN8Q07,6aP8ry8w3bSNyfyqhE8rGf
5ILrArfIV0tMURcHJN8Q07,1TMMyiSsNzmRiZCAkVLVb2
5ILrArfIV0tMURcHJN8Q07,7o95ZoZt5ZYn31e9z1Hc0a
5ILrArfIV0tMURcHJN8Q07,5zzrJD2jXrE9dZ1AklRFcL
5ILrArfIV0tMURcHJN8Q07,5g3uG8zZZANGT6YOssgjfC
5ILrArfIV0tMURcHJN8Q07,2vm8GdHyrJh2O2MfbQFYG0
5ILrArfIV0tMURcHJN8Q07,0mzTssRDPIQVH5wSNzOdFZ
2XMxHczWkSzDDFhiC3zt8k,6aZyMrc4doVtZyKNilOmwu
2XMxHczWkSzDDFhiC3zt8k,2Sqr0DXoaYABbjBo9HaMkM
2XMxHczWkSzDDFhiC3zt8k,4LoM3lMauQ540MW9QiyIcR
2XMxHczWkSzDDFhiC3zt8k,7whckrkkTMEuvqfaNfMs7S
2XMxHczWkSzDDFhiC3zt8k,5ILrArfIV0tMURcHJN8Q07
2XMxHczWkSzDDFhiC3zt8k,62gL3RAdJAPUmjrYudnVjy
2XMxHczWkSzDDFhiC3zt8k,5dTYaRzOn4rXGBLH052EeQ
2XMxHczWkSzDDFhiC3zt8k,6Y4bCmUNPDKqc7dHkVvgim
2XMxHczWkSzDDFhiC3zt8k,2vm8GdHyrJh2O2MfbQFYG0
2XMxHczWkSzDDFhiC3zt8k,7h4j9YTJJuAHzLCc3KCvYu
2XMxHczWkSzDDFhiC3zt8k,49RRjdOtssOA73G9NnVeUM
2XMxHczWkSzDDFhiC3zt8k,5rScKX1Sh1U67meeUyTGwk
2XMxHczWkSzDDFhiC3zt8k,1YIpZOfyHXMUgUaxxxgbaC
2XMxHczWkSzDDFhiC3zt8k,5oU0tZlItLctcLOQPS3mCy
2XMxHczWkSzDDFhiC3zt8k,0ngsu4PaMM1DpbNJFSg861
2XMxHczWkSzDDFhiC3zt8k,7bP6eltGhNnG66NPQH3Zpd
2XMxHczWkSzDDFhiC3zt8k,5tRfaKWXzvdRyISARq4VKS
2XMxHczWkSzDDFhiC3zt8k,26eT1xUu1HQBfZolTTbGCs
2XMxHczWkSzDDFhiC3zt8k,6aP8ry8w3bSNyfyqhE8rGf
2XMxHczWkSzDDFhiC3zt8k,6seR0G84QQq1NIW844E7Qq
7H55rcKCfwqkyDFH9wpKM6,6aZyMrc4doVtZyKNilOmwu
7H55rcKCfwqkyDFH9wpKM6,2Sqr0DXoaYABbjBo9HaMkM
7H55rcKCfwqkyDFH9wpKM6,5dTYaRzOn4rXGBLH052EeQ
7H55rcKCfwqkyDFH9wpKM6,5ILrArfIV0tMURcHJN8Q07
7H55rcKCfwqkyDFH9wpKM6,7whckrkkTMEuvqfaNfMs7S
7H55rcKCfwqkyDFH9wpKM6,2XMxHczWkSzDDFhiC3zt8k
7H55rcKCfwqkyDFH9wpKM6,5g3uG8zZZANGT6YOssgjfC
7H55rcKCfwqkyDFH9wpKM6,7h4j9YTJJuAHzLCc3KCvYu
7H55rcKCfwqkyDFH9wpKM6,2vm8GdHyrJh2O2MfbQFYG0
7H55rcKCfwqkyDFH9wpKM6,2zwHaEmXxX6DTv4i8ajNCM
7H55rcKCfwqkyDFH9wpKM6,6jJ0s89eD6GaHleKKya26X
7H55rcKCfwqkyDFH9wpKM6,4dpARuHxo51G3z768sgnrY
7H55rcKCfwqkyDFH9wpKM6,7o95ZoZt5ZYn31e9z1Hc0a
7H55rcKCfwqkyDFH9wpKM6,06HL4z0CvFAxyc27GXpf02
7H55rcKCfwqkyDFH9wpKM6,4utLUGcTvOJFr6aqIJtYWV
7H55rcKCfwqkyDFH9wpKM6,4M0DLz8te9Q1lNIXBBwvfG
7H55rcKCfwqkyDFH9wpKM6,04gDigrS5kc9YWfZHwBETP
7H55rcKCfwqkyDFH9wpKM6,0du5cEVh5yTK9QJze8zA0C
7H55rcKCfwqkyDFH9wpKM6,4ldpayfBpr5si9T5bDQ5vA
7H55rcKCfwqkyDFH9wpKM6,6sFIWsNpZYqfjUpaCgueju
6aP8ry8w3bSNyfyqhE8rGf,5dTYaRzOn4rXGBLH052EeQ
6aP8ry8w3bSNyfyqhE8rGf,4LoM3lMauQ540MW9QiyIcR
6aP8ry8w3bSNyfyqhE8rGf,5oU0tZlItLctcLOQPS3mCy
6aP8ry8w3bSNyfyqhE8rGf,2vm8GdHyrJh2O2MfbQFYG0
6aP8ry8w3bSNyfyqhE8rGf,7w0qj2HiAPIeUcoPogvOZ6
6aP8ry8w3bSNyfyqhE8rGf,2Sqr0DXoaYABbjBo9HaMkM
6aP8ry8w3bSNyfyqhE8rGf,62gL3RAdJAPUmjrYudnVjy
6aP8ry8w3bSNyfyqhE8rGf,2sG4zTOLvjKG1PSoOyf5Ej
6aP8ry8w3bSNyfyqhE8rGf,49RRjdOtssOA73G9NnVeUM
6aP8ry8w3bSNyfyqhE8rGf,06y1hH4hu3rcTUXHJevPCf
6aP8ry8w3bSNyfyqhE8rGf,7h4j9YTJJuAHzLCc3KCvYu
6aP8ry8w3bSNyfyqhE8rGf,7omzannyG2lfDqP5xyZo34
6aP8ry8w3bSNyfyqhE8rGf,6sfUgwUTFjy1SNF2uWOcPp
6aP8ry8w3bSNyfyqhE8rGf,5g3uG8zZZANGT6YOssgjfC
6aP8ry8w3bSNyfyqhE8rGf,6tW9jWf8lpuzDzAdVMvNMV
6aP8ry8w3bSNyfyqhE8rGf,6aZyMrc4doVtZyKNilOmwu
6aP8ry8w3bSNyfyqhE8rGf,7odHnkIoCbfSyqjcmoqO5b
6aP8ry8w3bSNyfyqhE8rGf,0ngsu4PaMM1DpbNJFSg861
6aP8ry8w3bSNyfyqhE8rGf,6Y4bCmUNPDKqc7dHkVvgim
6aP8ry8w3bSNyfyqhE8rGf,2XMxHczWkSzDDFhiC3zt8k
49RRjdOtssOA73G9NnVeUM,5oU0tZlItLctcLOQPS3mCy
49RRjdOtssOA73G9NnVeUM,2vm8GdHyrJh2O2MfbQFYG0
49RRjdOtssOA73G9NnVeUM,6tW9jWf8lpuzDzAdVMvNMV
49RRjdOtssOA73G9NnVeUM,6Y4bCmUNPDKqc7dHkVvgim
49RRjdOtssOA73G9NnVeUM,3BDyPnpEAyd6kFM1Wgpdgz
49RRjdOtssOA73G9NnVeUM,7w0qj2HiAPIeUcoPogvOZ6
49RRjdOtssOA73G9NnVeUM,5dTYaRzOn4rXGBLH052EeQ
49RRjdOtssOA73G9NnVeUM,7omzannyG2lfDqP5xyZo34
49RRjdOtssOA73G9NnVeUM,7ubT2ee6sI6kBijDMuAOxV
49RRjdOtssOA73G9NnVeUM,6aZyMrc4doVtZyKNilOmwu
49RRjdOtssOA73G9NnVeUM,7h4j9YTJJuAHzLCc3KCvYu
49RRjdOtssOA73G9NnVeUM,62gL3RAdJAPUmjrYudnVjy
49RRjdOtssOA73G9NnVeUM,4NGiEU3Pkd8ASRyQR30jcA
49RRjdOtssOA73G9NnVeUM,4LoM3lMauQ540MW9QiyIcR
49RRjdOtssOA73G9NnVeUM,6aP8ry8w3bSNyfyqhE8rGf
49RRjdOtssOA73G9NnVeUM,2Sqr0DXoaYABbjBo9HaMkM
49RRjdOtssOA73G9NnVeUM,1whjlG0NSaQytgDIWz10GS
49RRjdOtssOA73G9NnVeUM,6z29S0IoiBJpSMP8plyCj7
49RRjdOtssOA73G9NnVeUM,2sG4zTOLvjKG1PSoOyf5Ej
49RRjdOtssOA73G9NnVeUM,5nrKbDQoztn1qIZAwXvGUq
5g3uG8zZZANGT6YOssgjfC,2vm8GdHyrJh2O2MfbQFYG0
5g3uG8zZZANGT6YOssgjfC,5dTYaRzOn4rXGBLH052EeQ
5g3uG8zZZANGT6YOssgjfC,1ET1wIkDmuCBC80XcTr3Sg
5g3uG8zZZANGT6YOssgjfC,6tW9jWf8lpuzDzAdVMvNMV
5g3uG8zZZANGT6YOssgjfC,2Sqr0DXoaYABbjBo9HaMkM
5g3uG8zZZANGT6YOssgjfC,5oU0tZlItLctcLOQPS3mCy
5g3uG8zZZANGT6YOssgjfC,5zzrJD2jXrE9dZ1AklRFcL
5g3uG8zZZANGT6YOssgjfC,4LoM3lMauQ540MW9QiyIcR
5g3uG8zZZANGT6YOssgjfC,6aP8ry8w3bSNyfyqhE8rGf
5g3uG8zZZANGT6YOssgjfC,4v4xuH9VypORYabMnhPLt1
5g3uG8zZZANGT6YOssgjfC,6Y4bCmUNPDKqc7dHkVvgim
5g3uG8zZZANGT6YOssgjfC,3ZAIKutVvLYqmcxfkBz5aP
5g3uG8zZZANGT6YOssgjfC,6aZyMrc4doVtZyKNilOmwu
5g3uG8zZZANGT6YOssgjfC,5vBKu1igxFo6g1sHADkIdg
5g3uG8zZZANGT6YOssgjfC,5ILrArfIV0tMURcHJN8Q07
5g3uG8zZZANGT6YOssgjfC,7h4j9YTJJuAHzLCc3KCvYu
5g3uG8zZZANGT6YOssgjfC,4aFx7q4WkiTWPLJNW5mkKK
5g3uG8zZZANGT6YOssgjfC,6Xb4ezwoAQC4516kI89nWz
5g3uG8zZZANGT6YOssgjfC,6xYBLeSMu1AqPsnUzEvx5n
5g3uG8zZZANGT6YOssgjfC,65XA3lk0aG9XejO8y37jjD
5oU0tZlItLctcLOQPS3mCy,6tW9jWf8lpuzDzAdVMvNMV
5oU0tZlItLctcLOQPS3mCy,2vm8GdHyrJh2O2MfbQFYG0
5oU0tZlItLctcLOQPS3mCy,5dTYaRzOn4rXGBLH052EeQ
5oU0tZlItLctcLOQPS3mCy,7w0qj2HiAPIeUcoPogvOZ6
5oU0tZlItLctcLOQPS3mCy,6Y4bCmUNPDKqc7dHkVvgim
5oU0tZlItLctcLOQPS3mCy,49RRjdOtssOA73G9NnVeUM
5oU0tZlItLctcLOQPS3mCy,5Tw6OSRLoU7IHTO8kHGRQr
5oU0tZlItLctcLOQPS3mCy,62gL3RAdJAPUmjrYudnVjy
5oU0tZlItLctcLOQPS3mCy,7h4j9YTJJuAHzLCc3KCvYu
5oU0tZlItLctcLOQPS3mCy,7omzannyG2lfDqP5xyZo34
5oU0tZlItLctcLOQPS3mCy,2sG4zTOLvjKG1PSoOyf5Ej
5oU0tZlItLctcLOQPS3mCy,7ubT2ee6sI6kBijDMuAOxV
5oU0tZlItLctcLOQPS3mCy,4LoM3lMauQ540MW9QiyIcR
5oU0tZlItLctcLOQPS3mCy,2SUlbSybJvhWQuzjgaI6FJ
5oU0tZlItLctcLOQPS3mCy,3ZAIKutVvLYqmcxfkBz5aP
5oU0tZlItLctcLOQPS3mCy,5jbP6txZCMe5l7QLZ1pmJ3
5oU0tZlItLctcLOQPS3mCy,6aP8ry8w3bSNyfyqhE8rGf
5oU0tZlItLctcLOQPS3mCy,2PKUc5LXsZNjqOpAZKcFgz
5oU0tZlItLctcLOQPS3mCy,7odHnkIoCbfSyqjcmoqO5b
5oU0tZlItLctcLOQPS3mCy,6pwHWKweuoCyx3OoFaD0Q5
6z29S0IoiBJpSMP8plyCj7,6JVRYNneRsYNInT4TNr5vU
6z29S0IoiBJpSMP8plyCj7,4NGiEU3Pkd8ASRyQR30jcA
6z29S0IoiBJpSMP8plyCj7,5nrKbDQoztn1qIZAwXvGUq
6z29S0IoiBJpSMP8plyCj7,5zeCSgiRyezbfLiGOpKAsR
6z29S0IoiBJpSMP8plyCj7,1bKdOEfMk4ftojJQdyV2Ik
6z29S0IoiBJpSMP8plyCj7,1YIpZOfyHXMUgUaxxxgbaC
6z29S0IoiBJpSMP8plyCj7,2NQEwAVHBNcI0tGMLlWwF1
6z29S0IoiBJpSMP8plyCj7,0ekbDNE2eOq8QiaXM34wer
6z29S0IoiBJpSMP8plyCj7,4ISvSAA85lr3lDwpMEBNgS
6z29S0IoiBJpSMP8plyCj7,7FgMLbnZVrEnir95O0YujA
6z29S0IoiBJpSMP8plyCj7,3bCmhyXqTr9ZNGlHNYNTFA
6z29S0IoiBJpSMP8plyCj7,7hbH1qupmU6HxVBjWJItlq
6z29S0IoiBJpSMP8plyCj7,2JpErkT9FO3fZBrVhZaLdE
6z29S0IoiBJpSMP8plyCj7,39x8gyJjTHiBQklFgVJSV4
6z29S0IoiBJpSMP8plyCj7,4phGZZrJZRo4ElhRtViYdl
6z29S0IoiBJpSMP8plyCj7,7n3r1FC137xLzQd3P4WzPv
6z29S0IoiBJpSMP8plyCj7,6aZyMrc4doVtZyKNilOmwu
6z29S0IoiBJpSMP8plyCj7,5DYAABs8rkY9VhwtENoQCz
6z29S0IoiBJpSMP8plyCj7,0zOcE3mg9nS6l3yxt1Y0bK
6z29S0IoiBJpSMP8plyCj7,5nHR37FDSU4I0QQta0AZ1C
6Y4bCmUNPDKqc7dHkVvgim,62gL3RAdJAPUmjrYudnVjy
6Y4bCmUNPDKqc7dHkVvgim,3ZAIKutVvLYqmcxfkBz5aP
6Y4bCmUNPDKqc7dHkVvgim,5oU0tZlItLctcLOQPS3mCy
6Y4bCmUNPDKqc7dHkVvgim,2vm8GdHyrJh2O2MfbQFYG0
6Y4bCmUNPDKqc7dHkVvgim,6tW9jWf8lpuzDzAdVMvNMV
6Y4bCmUNPDKqc7dHkVvgim,49RRjdOtssOA73G9NnVeUM
6Y4bCmUNPDKqc7dHkVvgim,7ubT2ee6sI6kBijDMuAOxV
6Y4bCmUNPDKqc7dHkVvgim,5jbP6txZCMe5l7QLZ1pmJ3
6Y4bCmUNPDKqc7dHkVvgim,5dTYaRzOn4rXGBLH052EeQ
6Y4bCmUNPDKqc7dHkVvgim,6IXt60qaxZsiJc8Jc8zYiI
6Y4bCmUNPDKqc7dHkVvgim,51P4Dbg6whYIZ0WexxVUqX
6Y4bCmUNPDKqc7dHkVvgim,4cddmXsTEAguEoWtO5g07c
6Y4bCmUNPDKqc7dHkVvgim,7w0qj2HiAPIeUcoPogvOZ6
6Y4bCmUNPDKqc7dHkVvgim,5Cmht6FxXbw5GtPOCrzjNM
6Y4bCmUNPDKqc7dHkVvgim,4LoM3lMauQ540MW9QiyIcR
6Y4bCmUNPDKqc7dHkVvgim,6f5Tjpxz9kTRj05LKWlOpf
6Y4bCmUNPDKqc7dHkVvgim,2XMxHczWkSzDDFhiC3zt8k
6Y4bCmUNPDKqc7dHkVvgim,2Sqr0DXoaYABbjBo9HaMkM
6Y4bCmUNPDKqc7dHkVvgim,4Jtky6POq1VIc0pP6D3Xmx
6Y4bCmUNPDKqc7dHkVvgim,0ngsu4PaMM1DpbNJFSg861
5zzrJD2jXrE9dZ1AklRFcL,1hJuGCUpefX24GFmss9bjH
5zzrJD2jXrE9dZ1AklRFcL,2mpeljBig2IXLXRAFO9AAs
5zzrJD2jXrE9dZ1AklRFcL,4aFx7q4WkiTWPLJNW5mkKK
5zzrJD2jXrE9dZ1AklRFcL,4v4xuH9VypORYabMnhPLt1
5zzrJD2jXrE9dZ1AklRFcL,2Sqr0DXoaYABbjBo9HaMkM
5zzrJD2jXrE9dZ1AklRFcL,1ET1wIkDmuCBC80XcTr3Sg
5zzrJD2jXrE9dZ1AklRFcL,4dpARuHxo51G3z768sgnrY
5zzrJD2jXrE9dZ1AklRFcL,4LoM3lMauQ540MW9QiyIcR
5zzrJD2jXrE9dZ1AklRFcL,4NgNsOXSwIzXlUIJcpnNUp
5zzrJD2jXrE9dZ1AklRFcL,2vm8GdHyrJh2O2MfbQFYG0
5zzrJD2jXrE9dZ1AklRFcL,5vBKu1igxFo6g1sHADkIdg
5zzrJD2jXrE9dZ1AklRFcL,5g3uG8zZZANGT6YOssgjfC
5zzrJD2jXrE9dZ1AklRFcL,37NqXwtb6nIEqRt4EJSoIO
5zzrJD2jXrE9dZ1AklRFcL,76oeXwztPqAxVg9oqozK3z
5zzrJD2jXrE9dZ1AklRFcL,7w0qj2HiAPIeUcoPogvOZ6
5zzrJD2jXrE9dZ1AklRFcL,6aZyMrc4doVtZyKNilOmwu
5zzrJD2jXrE9dZ1AklRFcL,1TMMyiSsNzmRiZCAkVLVb2
5zzrJD2jXrE9dZ1AklRFcL,2sG4zTOLvjKG1PSoOyf5Ej
5zzrJD2jXrE9dZ1AklRFcL,3xnfpcM4DC9zeHVuDhYICB
5zzrJD2jXrE9dZ1AklRFcL,5ILrArfIV0tMURcHJN8Q07
6tW9jWf8lpuzDzAdVMvNMV,2vm8GdHyrJh2O2MfbQFYG0
6tW9jWf8lpuzDzAdVMvNMV,5oU0tZlItLctcLOQPS3mCy
6tW9jWf8lpuzDzAdVMvNMV,5dTYaRzOn4rXGBLH052EeQ
6tW9jWf8lpuzDzAdVMvNMV,6Y4bCmUNPDKqc7dHkVvgim
6tW9jWf8lpuzDzAdVMvNMV,6xYBLeSMu1AqPsnUzEvx5n
6tW9jWf8lpuzDzAdVMvNMV,5jbP6txZCMe5l7QLZ1pmJ3
6tW9jWf8lpuzDzAdVMvNMV,7h4j9YTJJuAHzLCc3KCvYu
6tW9jWf8lpuzDzAdVMvNMV,49RRjdOtssOA73G9NnVeUM
6tW9jWf8lpuzDzAdVMvNMV,7w0qj2HiAPIeUcoPogvOZ6
6tW9jWf8lpuzDzAdVMvNMV,3ZAIKutVvLYqmcxfkBz5aP
6tW9jWf8lpuzDzAdVMvNMV,51P4Dbg6whYIZ0WexxVUqX
6tW9jWf8lpuzDzAdVMvNMV,2sG4zTOLvjKG1PSoOyf5Ej
6tW9jWf8lpuzDzAdVMvNMV,6pwHWKweuoCyx3OoFaD0Q5
6tW9jWf8lpuzDzAdVMvNMV,5g3uG8zZZANGT6YOssgjfC
6tW9jWf8lpuzDzAdVMvNMV,7omzannyG2lfDqP5xyZo34
6tW9jWf8lpuzDzAdVMvNMV,62gL3RAdJAPUmjrYudnVjy
6tW9jWf8lpuzDzAdVMvNMV,4LoM3lMauQ540MW9QiyIcR
6tW9jWf8lpuzDzAdVMvNMV,5Tw6OSRLoU7IHTO8kHGRQr
6tW9jWf8lpuzDzAdVMvNMV,2Sqr0DXoaYABbjBo9HaMkM
6tW9jWf8lpuzDzAdVMvNMV,2PKUc5LXsZNjqOpAZKcFgz
62gL3RAdJAPUmjrYudnVjy,5Cmht6FxXbw5GtPOCrzjNM
62gL3RAdJAPUmjrYudnVjy,6Y4bCmUNPDKqc7dHkVvgim
62gL3RAdJAPUmjrYudnVjy,7odHnkIoCbfSyqjcmoqO5b
62gL3RAdJAPUmjrYudnVjy,3ZAIKutVvLYqmcxfkBz5aP
62gL3RAdJAPUmjrYudnVjy,0ngsu4PaMM1DpbNJFSg861
62gL3RAdJAPUmjrYudnVjy,5oU0tZlItLctcLOQPS3mCy
62gL3RAdJAPUmjrYudnVjy,5dTYaRzOn4rXGBLH052EeQ
62gL3RAdJAPUmjrYudnVjy,4LoM3lMauQ540MW9QiyIcR
62gL3RAdJAPUmjrYudnVjy,7w0qj2HiAPIeUcoPogvOZ6
62gL3RAdJAPUmjrYudnVjy,0xbwBKuWBNWfDBFsrRJEJG
62gL3RAdJAPUmjrYudnVjy,2vm8GdHyrJh2O2MfbQFYG0
62gL3RAdJAPUmjrYudnVjy,49RRjdOtssOA73G9NnVeUM
62gL3RAdJAPUmjrYudnVjy,51P4Dbg6whYIZ0WexxVUqX
62gL3RAdJAPUmjrYudnVjy,2XMxHczWkSzDDFhiC3zt8k
62gL3RAdJAPUmjrYudnVjy,4cddmXsTEAguEoWtO5g07c
62gL3RAdJAPUmjrYudnVjy,7ubT2ee6sI6kBijDMuAOxV
62gL3RAdJAPUmjrYudnVjy,3BDyPnpEAyd6kFM1Wgpdgz
62gL3RAdJAPUmjrYudnVjy,6IXt60qaxZsiJc8Jc8zYiI
62gL3RAdJAPUmjrYudnVjy,6tW9jWf8lpuzDzAdVMvNMV
62gL3RAdJAPUmjrYudnVjy,6aP8ry8w3bSNyfyqhE8rGf
4phGZZrJZRo4ElhRtViYdl,0hEurMDQu99nJRq8pTxO14
4phGZZrJZRo4ElhRtViYdl,6aZyMrc4doVtZyKNilOmwu
4phGZZrJZRo4ElhRtViYdl,3LpLGlgRS1IKPPwElnpW35
4phGZZrJZRo4ElhRtViYdl,0ekbDNE2eOq8QiaXM34wer
4phGZZrJZRo4ElhRtViYdl,4NGiEU3Pkd8ASRyQR30jcA
4phGZZrJZRo4ElhRtViYdl,6z29S0IoiBJpSMP8plyCj7
4phGZZrJZRo4ElhRtViYdl,5DYAABs8rkY9VhwtENoQCz
4phGZZrJZRo4ElhRtViYdl,1uquUYtkdKei0zuhBY9P0t
4phGZZrJZRo4ElhRtViYdl,1YIpZOfyHXMUgUaxxxgbaC
4phGZZrJZRo4ElhRtViYdl,7omzannyG2lfDqP5xyZo34
4phGZZrJZRo4ElhRtViYdl,7xTcuBOIAAIGDOSvwYFPzk
4phGZZrJZRo4ElhRtViYdl,7KMqksf0UMdyA0UCf4R3ux
4phGZZrJZRo4ElhRtViYdl,39x8gyJjTHiBQklFgVJSV4
4phGZZrJZRo4ElhRtViYdl,2NQEwAVHBNcI0tGMLlWwF1
4phGZZrJZRo4ElhRtViYdl,7FgMLbnZVrEnir95O0YujA
4phGZZrJZRo4ElhRtViYdl,3GBPw9NK25X1Wt2OUvOwY3
4phGZZrJZRo4ElhRtViYdl,6JVRYNneRsYNInT4TNr5vU
4phGZZrJZRo4ElhRtViYdl,2Sqr0DXoaYABbjBo9HaMkM
4phGZZrJZRo4ElhRtViYdl,1bKdOEfMk4ftojJQdyV2Ik
4phGZZrJZRo4ElhRtViYdl,3FUY2gzHeIiaesXtOAdB7A
7w0qj2HiAPIeUcoPogvOZ6,5oU0tZlItLctcLOQPS3mCy
7w0qj2HiAPIeUcoPogvOZ6,2vm8GdHyrJh2O2MfbQFYG0
7w0qj2HiAPIeUcoPogvOZ6,5Tw6OSRLoU7IHTO8kHGRQr
7w0qj2HiAPIeUcoPogvOZ6,5dTYaRzOn4rXGBLH052EeQ
7w0qj2HiAPIeUcoPogvOZ6,060CzFv7eCEPramQlIJYNY
7w0qj2HiAPIeUcoPogvOZ6,2sG4zTOLvjKG1PSoOyf5Ej
7w0qj2HiAPIeUcoPogvOZ6,62gL3RAdJAPUmjrYudnVjy
7w0qj2HiAPIeUcoPogvOZ6,3ZAIKutVvLYqmcxfkBz5aP
7w0qj2HiAPIeUcoPogvOZ6,7odHnkIoCbfSyqjcmoqO5b
7w0qj2HiAPIeUcoPogvOZ6,6tW9jWf8lpuzDzAdVMvNMV
7w0qj2HiAPIeUcoPogvOZ6,0xbwBKuWBNWfDBFsrRJEJG
7w0qj2HiAPIeUcoPogvOZ6,5Cmht6FxXbw5GtPOCrzjNM
7w0qj2HiAPIeUcoPogvOZ6,4LoM3lMauQ540MW9QiyIcR
7w0qj2HiAPIeUcoPogvOZ6,49RRjdOtssOA73G9NnVeUM
7w0qj2HiAPIeUcoPogvOZ6,6iKiDPed4LAQEcPZpvf00m
7w0qj2HiAPIeUcoPogvOZ6,6zDFhpdu4WUVVGTz0JSLMh
7w0qj2HiAPIeUcoPogvOZ6,6Y4bCmUNPDKqc7dHkVvgim
7w0qj2HiAPIeUcoPogvOZ6,4lsLWmOLcZjlaPhx7FKwLl
7w0qj2HiAPIeUcoPogvOZ6,6aP8ry8w3bSNyfyqhE8rGf
7w0qj2HiAPIeUcoPogvOZ6,2SUlbSybJvhWQuzjgaI6FJ
7whckrkkTMEuvqfaNfMs7S,6aZyMrc4doVtZyKNilOmwu
7whckrkkTMEuvqfaNfMs7S,1bKdOEfMk4ftojJQdyV2Ik
7whckrkkTMEuvqfaNfMs7S,2XMxHczWkSzDDFhiC3zt8k
7whckrkkTMEuvqfaNfMs7S,5rScKX1Sh1U67meeUyTGwk
7whckrkkTMEuvqfaNfMs7S,4LoM3lMauQ540MW9QiyIcR
7whckrkkTMEuvqfaNfMs7S,5ILrArfIV0tMURcHJN8Q07
7whckrkkTMEuvqfaNfMs7S,4ldpayfBpr5si9T5bDQ5vA
7whckrkkTMEuvqfaNfMs7S,2Sqr0DXoaYABbjBo9HaMkM
7whckrkkTMEuvqfaNfMs7S,1x1NsoNPyVy6FlgSLSovSk
7whckrkkTMEuvqfaNfMs7S,0yBvMYN0XnuyFyWZ0ptkWK
7whckrkkTMEuvqfaNfMs7S,6z29S0IoiBJpSMP8plyCj7
7whckrkkTMEuvqfaNfMs7S,1YIpZOfyHXMUgUaxxxgbaC
7whckrkkTMEuvqfaNfMs7S,0mzTssRDPIQVH5wSNzOdFZ
7whckrkkTMEuvqfaNfMs7S,2g6fa86fL6oLcoDqanBbuR
7whckrkkTMEuvqfaNfMs7S,49RRjdOtssOA73G9NnVeUM
7whckrkkTMEuvqfaNfMs7S,5DYAABs8rkY9VhwtENoQCz
7whckrkkTMEuvqfaNfMs7S,0ekbDNE2eOq8QiaXM34wer
7whckrkkTMEuvqfaNfMs7S,3C4t1usFGoKHCSRdujm2GN
7whckrkkTMEuvqfaNfMs7S,26eT1xUu1HQBfZolTTbGCs
7whckrkkTMEuvqfaNfMs7S,5nHR37FDSU4I0QQta0AZ1C
7h4j9YTJJuAHzLCc3KCvYu,5oU0tZlItLctcLOQPS3mCy
7h4j9YTJJuAHzLCc3KCvYu,6tW9jWf8lpuzDzAdVMvNMV
7h4j9YTJJuAHzLCc3KCvYu,2vm8GdHyrJh2O2MfbQFYG0
7h4j9YTJJuAHzLCc3KCvYu,5dTYaRzOn4rXGBLH052EeQ
7h4j9YTJJuAHzLCc3KCvYu,49RRjdOtssOA73G9NnVeUM
7h4j9YTJJuAHzLCc3KCvYu,2Sqr0DXoaYABbjBo9HaMkM
7h4j9YTJJuAHzLCc3KCvYu,7omzannyG2lfDqP5xyZo34
7h4j9YTJJuAHzLCc3KCvYu,6aZyMrc4doVtZyKNilOmwu
7h4j9YTJJuAHzLCc3KCvYu,2XMxHczWkSzDDFhiC3zt8k
7h4j9YTJJuAHzLCc3KCvYu,6aP8ry8w3bSNyfyqhE8rGf
7h4j9YTJJuAHzLCc3KCvYu,62gL3RAdJAPUmjrYudnVjy
7h4j9YTJJuAHzLCc3KCvYu,4LoM3lMauQ540MW9QiyIcR
7h4j9YTJJuAHzLCc3KCvYu,5g3uG8zZZANGT6YOssgjfC
7h4j9YTJJuAHzLCc3KCvYu,7ubT2ee6sI6kBijDMuAOxV
7h4j9YTJJuAHzLCc3KCvYu,4ISvSAA85lr3lDwpMEBNgS
7h4j9YTJJuAHzLCc3KCvYu,6Y4bCmUNPDKqc7dHkVvgim
7h4j9YTJJuAHzLCc3KCvYu,3BDyPnpEAyd6kFM1Wgpdgz
7h4j9YTJJuAHzLCc3KCvYu,1uquUYtkdKei0zuhBY9P0t
7h4j9YTJJuAHzLCc3KCvYu,24gJ2GCq5zx1Mh08ZpmiSo
7h4j9YTJJuAHzLCc3KCvYu,7w0qj2HiAPIeUcoPogvOZ6
